{
    "fx": 653.143433778113,
    "fy": 657.670567367976,
    "cx": 299.1738577337179,
    "cy": 236.60674857178367,
    "width": 640,
    "height": 480
}